Titulo,links
"Comissão de Constituição e Justiça e de Cidadania   (
                                CCJC      
                                )
                            
															

23/04/2019
															- Parecer com Complementação de Voto, Dep. Delegado Marcelo Freitas (PSL-MG), pela admissibilidade, ressalvada a inadmissibilidade quanto aos seguintes dispositivos: a) art. 1º, na parte em que modifica o § 2º do art. 109 da Constituição, concernente à extinção do foro do Distrito Federal para a propositura de ações contra a União; b) art. 2º, na parte em que acrescenta o § 4º ao art. 10 do Ato das Disposições Constitucionais Transitórias, para dispor sobre o fim do pagamento da indenização compensatória e do depósito do fundo de garantia do tempo de serviço (FGTS), a partir da concessão da aposentaria; c) a expressão ""de iniciativa do Poder Executivo federal"", constante no art. 1º da PEC, na parte em que altera o art. 40, § 1º; art. 201, §§ 1º e 10; e 201-A, todos da Constituição Federal; bem como no art. 3º, § 3º e no art. 5º, § 1º, do Capítulo III da PEC; e no art. 18, § 5º, do Capítulo V da PEC; e a expressão ""de iniciativa do Poder Executivo"" constante no art. 1º da PEC, na parte em que altera o art. 42, § 2º da Constituição Federal; d) art. 1º, na parte em que altera o art. 40, § 2º, III, para retirar do texto constitucional a definição da idade para a aposentadoria compulsória do servidor público, transferindo a disciplina da matéria para Lei Complementar.

															Inteiro
																teor  
23/04/2019    05:30
																	Reunião Deliberativa Ordinária
																

Aprovado o Parecer contra os votos dos Deputados Renildo Calheiros, Júlio Delgado, Maria do Rosário, Patrus Ananias, José Guimarães, Paulo Teixeira, Danilo Cabral, Subtenente Gonzaga, Afonso Motta, Clarissa Garotinho, Alencar Santana Braga, João H. Campos, Talíria Petrone, Joenia Wapichana, Eduardo Bismarck, Luiz Flávio Gomes, Nelson Pellegrino e Gil Cutrim, apresentaram votos em separado os Deputados Pompeo de Mattos, Marcelo Freixo, Talíria Petrone, Gil Cutrim, Eduardo Bismarck, Wilson Santiago, Júlio Delgado, Danilo Cabral, Tadeu Alencar, Aliel Machado, Cássio Andrade, Gervásio Maia, João H. Campos, Luiz Flávio Gomes, Odair Cunha, Maria do Rosário, Reginaldo Lopes, Patrus Ananias, Rubens Otoni, José Guimarães, Paulo Teixeira, Erika Kokay, Zeca Dirceu, Pedro Uczai, Rui Falcão, Alencar Santana Braga, Nelson Pellegrino, Joenia Wapichana, Marcelo Ramos, Renildo Calheiros, Orlando Silva, Márcio Biolchi, Celso Maldaner, Expedito Netto e Afonso Motta.",//www.camara.leg.br/evento-legislativo/55173
"Comissão Especial destinada a proferir parecer à Proposta de Emenda à Constituição nº 6-A, de 2019, do Poder Executivo, que ""modifica o sistema de previdência social, estabelece regras de transição e disposições transitórias, e dá outras providências""   (
                                PEC00619  
                                )
                            
															

12/07/2019
															- Proposta de Redação para o Segundo Turno do Relator, Dep. Samuel Moreira (PSDB-SP).
															Inteiro
																teor  
12/07/2019    11:30
																	Reunião Deliberativa Extraordinária
																

Aprovada a Proposta de Redação para o Segundo Turno contra os votos dos Deputados Henrique Fontana, Luiza Erundina, Rubens Otoni, Pedro Uczai, Paulo Ramos, Aliel Machado, Carlos Veras, Sâmia Bomfim, Professor Israel Batista, Lídice da Mata, Alice Portugal e Bira do Pindaré, apresentaram votos em separado os Deputados Chico D'Angelo, Henrique Fontana, Rubens Otoni, José Guimarães, Paulo Teixeira, Pedro Uczai, Gleisi Hoffmann, Carlos Veras, Jorge Solla, Ivan Valente, Luiza Erundina e Sâmia Bomfim.",//www.camara.leg.br/evento-legislativo/56543
"09/04/2019



																			Comissão de Constituição e Justiça e de Cidadania ( CCJC       )
																	
																	
                                - 
																			14:30
																			Reunião Deliberativa Ordinária
																		


Apresentado Requerimento de Retirada de Pauta, de autoria da Deputada Sâmia Bomfim.   Encaminharam a votação do Requerimento de Votação a Deputada Sâmia Bomfim e o Deputado Gilson Marques.  Rejeitado o Requerimento  Proferido o Parecer.  Vista coletiva concedida a todos os Deputados da Comissão.",//www.camara.leg.br/evento-legislativo/54984
"16/04/2019



																			Comissão de Constituição e Justiça e de Cidadania ( CCJC       )
																	
																	
                                - 
																			10:00
																			Reunião Deliberativa Extraordinária
																		


Apresentado Requerimento de Retirada de Pauta, de autoria da Deputado Talíria Petrone.  Encaminharam a votação do Requerimento de Retirada de Pauta os Deputados Gilson Marques e Ivan Valente.  Rejeitado o Requerimento de Retirada de Pauta.  Restaram prejudicados os Requerimentos de Adiamento de Discussão, por dez sessões, de autoria da Deputada Maria do Rosário, Vice-Líder do PT; por nove sessões, de autoria do Deputado Pompeo de Mattos, Vice-Líder do PDT; por oito sessões, de autoria da Deputada Talíria Petrone, Vice-Líder do PSOL; por sete sessões, de autoria dos Deputados João H. Campos, Vice-Líder do PSB, e Clarissa Garotinho, Vice-Líder do PROS; por seis sessões, de autoria do Deputado Renildo Calheiros, Vice-Líder do PCdoB, de preferência para votação do Requerimento de adiamento de discussão por oito sessões, de autoria da Deputada Talíria Petrone, e de discussão por partes, de autoria da Deputada Talíria Petrone e do Deputado Renildo Calheiros.   Discutiram a Matéria: Dep. Sâmia Bomfim (PSOL-SP), Dep. Coronel Armando (PSL-SC), Dep. José Guimarães (PT-CE), Dep. Darcísio Perondi (MDB-RS), Dep. Afonso Motta (PDT-RS), Dep. Jandira Feghali (PCdoB-RJ), Dep. Chris Tonietto (PSL-RJ), Dep. Marcelo Ramos (PR-AM), Dep. Carlos Jordy (PSL-RJ), Dep. Maria do Rosário (PT-RS), Dep. Marcel Van Hattem (NOVO-RS), Dep. Henrique Fontana (PT-RS), Dep. Caroline de Toni (PSL-SC), Dep. Zé Neto (PT-BA), Dep. Paulo Eduardo Martins (PSC-PR), Dep. Ivan Valente (PSOL-SP), Dep. Rubens Bueno (CIDADANIA-PR), Dep. Talíria Petrone (PSOL-RJ), Dep. Samuel Moreira (PSDB-SP), Dep. Pedro Uczai (PT-SC), Dep. Fernanda Melchionna (PSOL-RS), Dep. Márcio Labre (PSL-RJ), Dep. Rubens Otoni (PT-GO), Dep. Joice Hasselmann (PSL-SP), Dep. Danilo Cabral (PSB-PE), Dep. Paulo Azi (DEM-BA), Dep. Júlio Delgado (PSB-MG), Dep. Wilson Santiago (PTB-PB), Dep. Odair Cunha (PT-MG), Dep. Cacá Leão (PP-BA), Dep. Rui Falcão (PT-SP), Dep. Lucas Gonzalez (NOVO-MG), Dep. Alessandro Molon (PSB-RJ), Dep. Luizão Goulart (PRB-PR), Dep. Sóstenes Cavalcante (DEM-RJ), Dep. Erika Kokay (PT-DF), Dep. Luiz Flávio Gomes (PSB-SP), Dep. Chiquinho Brazão (AVANTE-RJ), Dep. Alencar Santana Braga (PT-SP), Dep. Patrus Ananias (PT-MG), Dep. Renildo Calheiros (PCdoB-PE), Dep. Margarete Coelho (PP-PI), Dep. Jorge Solla (PT-BA), Dep. Marília Arraes (PT-PE), Dep. Pompeo de Mattos (PDT-RS), Dep. Eduardo Barbosa (PSDB-MG), Dep. Gil Cutrim (PDT-MA), Dep. Dagoberto Nogueira (PDT-MS), Dep. Paulo Teixeira (PT-SP), Dep. Aureo Ribeiro (SOLIDARI-RJ), Dep. Bohn Gass (PT-RS), Dep. João H. Campos (PSB-PE), Dep. Subtenente Gonzaga (PDT-MG), Dep. Zeca Dirceu (PT-PR), Dep. Clarissa Garotinho (PROS-RJ), Dep. Padre João (PT-MG), Dep. Marcelo Freixo (PSOL-RJ), Dep. Nelson Pellegrino (PT-BA), Dep. João Daniel (PT-SE), Dep. Rogério Correia (PT-MG), Dep. Margarida Salomão (PT-MG), Dep. Sergio Vidigal (PDT-ES), Dep. Helder Salomão (PT-ES), Dep. Reginaldo Lopes (PT-MG), Dep. Célio Moura (PT-TO), Dep. Glauber Braga (PSOL-RJ), Dep. Léo Moraes (PODE-RO), Dep. Alexandre Padilha (PT-SP), Dep. Aliel Machado (PSB-PR), Dep. Leonardo Monteiro (PT-MG), Dep. Camilo Capiberibe (PSB-AP), Dep. Gervásio Maia (PSB-PB) e Dep. Orlando Silva (PCdoB-SP) e Heitor Schuch (PSB-RS).  Encerrada a discussão.  Por acordo, encerrada a Reunião.",//www.camara.leg.br/evento-legislativo/55094
"23/04/2019



																			Comissão de Constituição e Justiça e de Cidadania ( CCJC       )
																	
																	
                                - 
																			14:30
																			Reunião Deliberativa Ordinária
																		


Apresentado Requerimento de Retirada de Pauta, de autoria da Deputada Erika Kokay.  Encaminhou a votação do Requerimento de Retirada de Pauta a Deputada Erika Kokay.  Rejeitado o Requerimento de Retirada de Pauta.  Ficaram prejudicados os Requerimentos de Retirada de Pauta, de autoria dos Deputados Luiz Flávio Gomes, Gérvásio Maia e Aliel Machado; da Deputada Tralyria Petrone; e do Deputado Afonso Motta.  Proferida a Complementação de Voto.  Apresentado Requerimento de Desmembramento da Proposição, de autoria da Deputada Erika Kokay.  Prejudicado Requerimento de Desmembramento da Proposição, de ofício, pelo Presidente, em virtude de não serem matérias distintas  Apresentado Requerimento de Adiamento de Votação por 5 (cinco) Sessões, de autoria da Deputada Maria do Rosário.  Encaminhou a votação do Requerimento de Adiamento de Votação por 5 (cinco) Sessões o Deputado Gervásio Maia.  Rejeitado o Requerimento de adiamento de votação por 5 (cinco) Sessões.  Apresentado Requerimento de Adiamento de Votação por 4 (quatro) Sessões, de autoria da Deputada Maria do Rosário.  Encaminhou a votação do Requerimento de Adiamento por 4 (quatro) Sessões o Deputado Pompeo de Mattos.  Rejeitado o Requerimento de adiamento de votação por 4 (quatro) Sessões.  Apresentado Requerimento de Adiamento de Votação por 3 (três) Sessões, de autoria da Deputada Talíria Petrone.  Encaminharam a votação do Requerimento de Adiamento por 3 (três) Sessões as Deputadas Talíria Petrone e Caroline de Toni.  Rejeitado o Requerimento de adiamento de votação por 3 (três) Sessões.  Apresentado Requerimento de Adiamento de Votação por 2 (duas) Sessões, de autoria da Deputada Clarissa Garotinho.  Encaminharam a votação do Requerimento de Adiamento por 2 (duas) Sessões a Deputada Clarissa Garotinho e o Deputado Coronel Tadeu.  Rejeitado o Requerimento de adiamento de votação por 2 (duas) Sessões.  Apresentado Requerimento de Adiamento de Votação por 1 (uma) Sessão, de autoria do Deputado Renildo Calheiros.  Encaminhou a votação do Requerimento de Adiamento de votação por 1 (uma) Sessão a Deputada Alice Portugal e Deputado Marcel Van Hatten.   Rejeitado o Requerimento de adiamento de votação por 1 (uma) Sessão.  Encaminharam a votação do Parecer do Relator a Deputada Talíria Petrone e a Deputada Maria do Rosário, contrariamente; e a Deputada Adriana Ventura, Favoravelmente",//www.camara.leg.br/evento-legislativo/55173
"23/04/2019



																			Comissão de Constituição e Justiça e de Cidadania ( CCJC       )
																	
																	
                                - 
																			14:30
																			Reunião Deliberativa Ordinária
																		


Aprovado o Parecer contra os votos dos Deputados Renildo Calheiros, Júlio Delgado, Maria do Rosário, Patrus Ananias, José Guimarães, Paulo Teixeira, Danilo Cabral, Subtenente Gonzaga, Afonso Motta, Clarissa Garotinho, Alencar Santana Braga, João H. Campos, Talíria Petrone, Joenia Wapichana, Eduardo Bismarck, Luiz Flávio Gomes, Nelson Pellegrino e Gil Cutrim, apresentaram votos em separado os Deputados Pompeo de Mattos, Marcelo Freixo, Talíria Petrone, Gil Cutrim, Eduardo Bismarck, Wilson Santiago, Júlio Delgado, Danilo Cabral, Tadeu Alencar, Aliel Machado, Cássio Andrade, Gervásio Maia, João H. Campos, Luiz Flávio Gomes, Odair Cunha, Maria do Rosário, Reginaldo Lopes, Patrus Ananias, Rubens Otoni, José Guimarães, Paulo Teixeira, Erika Kokay, Zeca Dirceu, Pedro Uczai, Rui Falcão, Alencar Santana Braga, Nelson Pellegrino, Joenia Wapichana, Marcelo Ramos, Renildo Calheiros, Orlando Silva, Márcio Biolchi, Celso Maldaner, Expedito Netto e Afonso Motta.",//www.camara.leg.br/evento-legislativo/55173
"13/06/2019



																			Comissão Especial destinada a proferir parecer à Proposta de Emenda à Constituição nº 6-A, de 2019, do Poder Executivo, que ""modifica o sistema de previdência social, estabelece regras de transição e disposições transitórias, e dá outras providências"" ( PEC00619   )
																	
																	
                                - 
																			09:30
																			Reunião Deliberativa Ordinária
																		


Parecer do Relator, Dep. Samuel Moreira (PSDB-SP), pela admissibilidade jurídica e legislativa das emendas oferecidas à PEC em exame, e, no mérito, pela rejeição das Emendas nºs 2, 4, 6, 7, 8, 9, 10, 11, 12, 13, 14, 15, 16, 17, 19, 20, 21, 22, 23, 24, 26, 33, 35, 38, 39, 40, 41, 42, 43, 44, 48, 49, 51, 53, 54, 55, 56, 57, 58, 61, 62, 63, 65, 66, 72, 73, 74, 75, 78, 79, 80, 83, 84, 85, 87, 90, 91, 92, 94, 95, 97, 98, 99, 101, 105, 109, 110, 112, 113, 114, 117, 138, 170, 171, 173, 176, 180, 183, 185, 186, 188, 192, 193, 196, 208, 209, 210, 211, 212, 214, 215, 217, 228, 232, 235, 236, 240, 241, 257, 258, 261, 263, 264, 265, 268 e 270, pela aprovação integral das Emendas nºs 27, 36, 50, 59, 89, 93, 100, 103, 106, 108, 111, 118, 119, 172, 174, 181, 182, 184, 198, 218, 224, 225, 229, 230, 231, 243, 249, 255, 256, 267 e 277, pela aprovação parcial das Emendas nºs 1, 3, 5, 18, 25, 28, 29, 30, 31, 32, 34, 37, 45, 46, 47, 52, 60, 64, 67, 68, 69, 70, 71, 76, 77, 81, 82, 86, 88, 96, 102, 104, 107, 115, 116, 175, 177, 178, 187, 189, 190, 191, 194, 195, 197, 199, 216, 219, 228, 233, 234, 238, 239, 250, 251, 253, 260 e 262, e pela aprovação da Proposta de Emenda à Constituição nº 6, de 2019, com substitutivo. Inteiro
																			teor",//www.camara.leg.br/evento-legislativo/56004
"13/06/2019



																			Comissão Especial destinada a proferir parecer à Proposta de Emenda à Constituição nº 6-A, de 2019, do Poder Executivo, que ""modifica o sistema de previdência social, estabelece regras de transição e disposições transitórias, e dá outras providências"" ( PEC00619   )
																	
																	
                                - 
																			09:30
																			Reunião Deliberativa Ordinária
																		


Parecer do Relator, Dep. Samuel Moreira (PSDB-SP), pela admissibilidade jurídica e legislativa das emendas oferecidas à PEC em exame, e, no mérito, pela rejeição das Emendas nºs 2, 4, 6, 7, 8, 9, 10, 11, 12, 13, 14, 15, 16, 17, 19, 20, 21, 22, 23, 24, 26, 33, 35, 38, 39, 40, 41, 42, 43, 44, 48, 49, 51, 53, 54, 55, 56, 57, 58, 61, 62, 63, 65, 66, 72, 74, 75, 78, 79, 80, 83, 84, 85, 87, 90, 91, 92, 94, 95, 97, 98, 99, 101, 105, 109, 110, 112, 113, 114, 117, 126, 127, 128, 129, 130, 131, 132, 133, 138, 143, 144, 145, 147, 148, 151, 156, 157, 161, 163, 170, 171, 173, 176, 180, 183, 185, 186, 188, 192, 193, 196, 208, 209, 210, 211, 212, 214, 215, 217, 232, 235, 236, 240, 241, 257, 258, 261, 263, 264, 265, 268 e 270, pela aprovação integral das Emendas nºs 27, 36, 50, 59, 89, 93, 100, 103, 106, 108, 111, 118, 119, 135, 141, 159, 172, 174, 181, 182, 184, 198, 218, 224, 225, 229, 230, 231, 243, 249, 255, 256, 267 e 277, pela aprovação parcial das Emendas nºs 1, 3, 5, 18, 25, 28, 29, 30, 31, 32, 34, 37, 45, 46, 47, 52, 60, 64, 67, 68, 69, 70, 71, 73, 76, 77, 81, 82, 86, 88, 96, 102, 104, 107, 115, 116, 134, 136, 137, 139, 140, 142, 146, 149, 150, 158, 162, 164, 175, 177, 178, 187, 189, 190, 191, 194, 195, 197, 199, 216, 219, 228, 233, 234, 238, 239, 250, 251, 253, 260 e 262, e pela aprovação da Proposta de Emenda à Constituição nº 6, de 2019, com substitutivo. Inteiro
																			teor Vista conjunta aos Deputados Adriana Ventura, Alex Manente, Alexandre Frota, Alice Portugal, André Figueiredo, Arnaldo Jardim, Beto Pereira, Bilac Pinto, Bira do Pindaré, Capitão Alberto Neto, Carlos Veras, Cezinha de Madureira, Chico D'Angelo, Cleber Verde, Daniel Freitas, Danilo Cabral, Darci de Matos, Darcísio Perondi, Delegado Éder Mauro, Diego Garcia, Dr. Frederico, Eduardo Costa, Eduardo Cury, Fábio Henrique, Filipe Barros, Flaviano Melo, Geninho Zuliani, Gleisi Hoffmann, Greyce Elias, Guilherme Derrite, Heitor Freire, Heitor Schuch, Henrique Fontana, Ivan Valente, Jerônimo Goergen, João Marcelo Souza, Joenia Wapichana, Joice Hasselmann, Jorge Solla, José Guimarães, Lafayette de Andrada, Léo Moraes, Lídice da Mata, Luiz Nishimori, Luiza Erundina, Marcelo Moraes, Marcelo Ramos, Otoni de Paula, Pastor Eurico, Paulo Azi, Paulo Eduardo Martins, Paulo Ganime, Paulo Pereira da Silva, Paulo Ramos, Perpétua Almeida, Professor Israel Batista, Reinhold Stephanes Junior, Rodrigo Coelho, Ronaldo Carletto, Rubens Otoni, Sâmia Bomfim, Samuel Moreira, Silvio Costa Filho, Tiago Mitraud, Valtenir Pereira e Vinicius Poit.",//www.camara.leg.br/evento-legislativo/56004
"18/06/2019



																			Comissão Especial destinada a proferir parecer à Proposta de Emenda à Constituição nº 6-A, de 2019, do Poder Executivo, que ""modifica o sistema de previdência social, estabelece regras de transição e disposições transitórias, e dá outras providências"" ( PEC00619   )
																	
																	
                                - 
																			09:00
																			Reunião Deliberativa Ordinária
																		


Iniciada a discussão.  Discutiram a Matéria: Dep. Jorge Solla (PT-BA), Dep. Alexandre Frota (PSL-SP), Dep. Rubens Otoni (PT-GO), Dep. Bilac Pinto (DEM-MG), Dep. Aliel Machado (PSB-PR), Dep. Major Vitor Hugo (PSL-GO), Dep. Edmilson Rodrigues (PSOL-PA), Dep. Filipe Barros (PSL-PR), Dep. Subtenente Gonzaga (PDT-MG), Dep. Vinicius Poit (NOVO-SP), Dep. Luiza Erundina (PSOL-SP), Dep. Márcio Labre (PSL-RJ), Dep. Leonardo Monteiro (PT-MG), Dep. Paulo Ganime (NOVO-RJ), Dep. Bira do Pindaré (PSB-MA), Dep. Darcísio Perondi (MDB-RS), Dep. João Daniel (PT-SE), Dep. Alexis Fonteyne (NOVO-SP), Dep. Ivan Valente (PSOL-SP), Dep. Daniel Freitas (PSL-SC), Dep. Sâmia Bomfim (PSOL-SP), Dep. Bia Kicis (PSL-DF), Dep. Luizianne Lins (PT-CE), Dep. Carla Zambelli (PSL-SP), Dep. Carlos Veras (PT-PE), Dep. Delegado Marcelo Freitas (PSL-MG), Dep. André Figueiredo (PDT-CE), Dep. Beto Pereira (PSDB-MS), Dep. Nilto Tatto (PT-SP), Dep. Capitão Alberto Neto (PRB-AM), Dep. Alice Portugal (PCdoB-BA), Dep. Dr. Frederico (PATRIOTA-MG), Dep. Alexandre Padilha (PT-SP), Dep. Celso Sabino (PSDB-PA), Dep. Fernanda Melchionna (PSOL-RS), Dep. Marcel Van Hattem (NOVO-RS), Dep. Pompeo de Mattos (PDT-RS), Dep. José Guimarães (PT-CE), Dep. Darci de Matos (PSD-SC), Dep. Lídice da Mata (PSB-BA), Dep. José Ricardo (PT-AM), Dep. Diego Garcia (PODE-PR), Dep. Heitor Schuch (PSB-RS), Dep. Vitor Lippi (PSDB-SP), Dep. Gervásio Maia (PSB-PB), Dep. Boca Aberta (PROS-PR), Dep. Glauber Braga (PSOL-RJ), Dep. Coronel Chrisóstomo (PSL-RO), Dep. Marcelo Nilo (PSB-BA), Dep. Cleber Verde (PRB-MA) e Dep. Perpétua Almeida (PCdoB-AC).",//www.camara.leg.br/evento-legislativo/56095
"19/06/2019



																			Comissão Especial destinada a proferir parecer à Proposta de Emenda à Constituição nº 6-A, de 2019, do Poder Executivo, que ""modifica o sistema de previdência social, estabelece regras de transição e disposições transitórias, e dá outras providências"" ( PEC00619   )
																	
																	
                                - 
																			09:00
																			Reunião Deliberativa Ordinária
																		


Continuação da discussão.  Discutiram a Matéria: Dep. Professor Israel Batista (PV-DF), Dep. Adriana Ventura (NOVO-SP), Dep. Arlindo Chinaglia (PT-SP), Dep. João Marcelo Souza (MDB-MA), Dep. Fábio Henrique (PDT-SE), Dep. Chico D'Angelo (PDT-RJ), Dep. Vilson da Fetaemg (PSB-MG), Dep. Pedro Uczai (PT-SC), Dep. Pedro Paulo (DEM-RJ), Dep. Reginaldo Lopes (PT-MG), Dep. Coronel Tadeu (PSL-SP), Dep. Sergio Vidigal (PDT-ES), Dep. Airton Faleiro (PT-PA), Dep. Camilo Capiberibe (PSB-AP), Dep. Joenia Wapichana (REDE-RR), Dep. Zé Neto (PT-BA), Dep. Joice Hasselmann (PSL-SP), Dep. Kim Kataguiri (DEM-SP) e Dep. Emanuel Pinheiro Neto (PTB-MT).",//www.camara.leg.br/evento-legislativo/56154
"25/06/2019



																			Comissão Especial destinada a proferir parecer à Proposta de Emenda à Constituição nº 6-A, de 2019, do Poder Executivo, que ""modifica o sistema de previdência social, estabelece regras de transição e disposições transitórias, e dá outras providências"" ( PEC00619   )
																	
																	
                                - 
																			09:00
																			Reunião Deliberativa Ordinária
																		


Continuação da discussão.  Discutiram a Matéria: Dep. Marcelo Freixo (PSOL-RJ), Dep. Lafayette de Andrada (PRB-MG), Dep. Margarida Salomão (PT-MG), Dep. Valtenir Pereira (MDB-MT), Dep. Henrique Fontana (PT-RS), Dep. Herculano Passos (MDB-SP), Dep. Pedro Cunha Lima (PSDB-PB), Dep. Talíria Petrone (PSOL-RJ), Dep. Vinicius Carvalho (PRB-SP), Dep. Tadeu Alencar (PSB-PE), Dep. Rodrigo Coelho (PSB-SC), Dep. Leônidas Cristino (PDT-CE), Dep. Eduardo Cury (PSDB-SP), Dep. Elias Vaz (PSB-GO), Dep. Jandira Feghali (PCdoB-RJ), Dep. Tiago Mitraud (NOVO-MG), Dep. Paulo Ramos (PDT-RJ), Dep. Luizão Goulart (PRB-PR), Dep. Alencar Santana Braga (PT-SP), Dep. Luiz Flávio Gomes (PSB-SP), Dep. Enio Verri (PT-PR), Dep. Paulo Eduardo Martins (PSC-PR), Dep. Rogério Correia (PT-MG), Dep. Eduardo Costa (PTB-PA), Dep. Rui Falcão (PT-SP), Dep. Osires Damaso (PSC-TO), Dep. Carlos Zarattini (PT-SP), Dep. Delegado Éder Mauro (PSD-PA), Dep. Valmir Assunção (PT-BA) e Dep. José Nelto (PODE-GO).",//www.camara.leg.br/evento-legislativo/56196
"26/06/2019



																			Comissão Especial destinada a proferir parecer à Proposta de Emenda à Constituição nº 6-A, de 2019, do Poder Executivo, que ""modifica o sistema de previdência social, estabelece regras de transição e disposições transitórias, e dá outras providências"" ( PEC00619   )
																	
																	
                                - 
																			09:00
																			Reunião Deliberativa Ordinária
																		


Continuação da discussão .  Discutiram a Matéria: Dep. Paulo Teixeira (PT-SP), Dep. Sóstenes Cavalcante (DEM-RJ), Dep. Nelson Pellegrino (PT-BA), Dep. Célio Moura (PT-TO), Dep. Gleisi Hoffmann (PT-PR), Dep. Joseildo Ramos (PT-BA), Dep. Benedita da Silva (PT-RJ), Dep. Renildo Calheiros (PCdoB-PE), Dep. Zeca Dirceu (PT-PR), Dep. Maria do Rosário (PT-RS), Dep. Marcon (PT-RS), Dep. Bohn Gass (PT-RS), Dep. Paulo Azi (DEM-BA), Dep. Helder Salomão (PT-ES), Dep. Beto Faro (PT-PA), Dep. Padre João (PT-MG), Dep. Capitão Wagner (PROS-CE), Dep. Paulão (PT-AL), Dep. Afonso Florence (PT-BA), Dep. André Janones (AVANTE-MG), Dep. Idilvan Alencar (PDT-CE), Dep. Paulo Guedes (PT-MG), Dep. Geninho Zuliani (DEM-SP), Dep. Orlando Silva (PCdoB-SP), Dep. Erika Kokay (PT-DF), Dep. Alessandro Molon (PSB-RJ) e Dep. Daniel Almeida (PCdoB-BA).  Encerrada a discussão.",//www.camara.leg.br/evento-legislativo/56264
"02/07/2019



																			Comissão Especial destinada a proferir parecer à Proposta de Emenda à Constituição nº 6-A, de 2019, do Poder Executivo, que ""modifica o sistema de previdência social, estabelece regras de transição e disposições transitórias, e dá outras providências"" ( PEC00619   )
																	
																	
                                - 
																			16:00
																			Reunião Deliberativa Extraordinária
																		


Parecer com Complementação de Voto, Dep. Samuel Moreira (PSDB-SP), pela admissibilidade de todas as emendas; e, no mérito, pela aprovação, com substitutivo, desta e das emendas 27, 36, 50, 59, 89, 93, 100, 103, 108, 111, 118, 119, 135, 141, 159, 172, 174, 181, 182, 184, 198, 225, 230, 243, 249, 255, 267 e 277; pela aprovação parcial das Emendas 1, 3, 5, 18, 20, 25, 28, 29, 30, 31, 32, 34, 37, 45, 46, 47, 51, 52, 58, 60, 64, 67, 69, 70, 71, 73, 76, 77, 79, 81, 82, 86, 88, 90, 92, 96, 97, 102, 104, 106, 107, 112, 115, 116, 134, 136, 137, 140, 142, 146, 149, 158, 162, 164, 171, 175, 177, 178, 183, 187, 189, 190, 191, 192, 194, 195, 197, 199, 209, 216, 218, 219, 224, 228, 229, 231, 232, 233, 234, 238, 239, 250, 251, 253, 256, 257, 260, 261, 262 e 263; e pela rejeição das Emendas 2, 4, 6, 7, 8, 9, 10, 11, 12, 13, 14, 15, 16, 17, 19, 21, 22, 23, 24, 26, 33, 35, 38, 39, 40, 41, 42, 43, 44, 48, 49, 53, 54, 55, 56, 57, 61, 62, 63, 65, 66, 68, 72, 74, 75, 78, 80, 83, 84, 85, 87, 91, 94, 95, 98, 99, 101, 105, 109, 110, 113, 114, 117, 126, 127, 128, 129, 130, 131, 132, 133, 138, 139, 143, 144, 145, 147, 148, 150, 151, 156, 157, 161, 163, 170, 173, 176, 180, 185, 186, 188, 193, 196, 208, 210, 211, 212, 214, 215, 217, 235, 236, 240, 241, 258, 264, 265, 268 e 270. Inteiro
																			teor Devolvido ao autor o Requerimento de Inversão da Ordem dos Trabalhos (Ata, Ordem do Dia e Expediente) apresentado pelos Deputados Ivan Valente e Sâmia Bomfim.  Prejudicado o Requerimento de Votação Nominal do Deputado Henrique Fontana.  Apresentado Requerimento de Inversão da Ordem dos Trabalhos (Ordem do Dia, Ata e Expediente) pelo Deputado Alexandre Frota.  Apresentado Requerimento de Votação Nominal, pelos Deputados André Figueiredo e Henrique Fontana, para o Requerimento de Inversão da Ordem dos Trabalhos apresentado pelo Deputado Alexandre Frota.  Retirado o Requerimento de Inversão da Ordem dos Trabalhos pelo Deputado Alexandre Frota.  Prejudicado o Requerimento de Votação Nominal dos Deputados André Figueiredo e Henrique Fontana.  Apresentado Requerimento de Votação Nominal para o Requerimento de Retirada de Pauta dos Deputados Ivan Valente e Sâmia Bomfim.  Concedida votação nominal de ofício do Requerimento de Retirada de Pauta.  Prejudicado o Requerimento de Votação Nominal do Requerimento de Retirada de Pauta dos Deputados Ivan Valente e Sâmia Bomfim.  Apresentado Requerimento de Retirada de Pauta dos Deputados Ivan Valente e Sâmia Bomfim.Encaminhou favoravelmente a Deputada Luiza Erundina.Encaminhou contrariamente o Deputado Darci de Matos.  Rejeitado o Requerimento de Retirada de Pauta dos Deputados Ivan Valente e Sâmia Bomfim. Votaram Não: 32, Sim: 0, Obstrução: 13.  Prejudicado o Requerimento de Retirada de Pauta, do Dep. André Figueiredo.  Proferida a Complementação de Voto do Relator, Deputado Samuel Moreira.",//www.camara.leg.br/evento-legislativo/56309
"03/07/2019



																			Comissão Especial destinada a proferir parecer à Proposta de Emenda à Constituição nº 6-A, de 2019, do Poder Executivo, que ""modifica o sistema de previdência social, estabelece regras de transição e disposições transitórias, e dá outras providências"" ( PEC00619   )
																	
																	
                                - 
																			13:00
																			Reunião Deliberativa Extraordinária
																		


Devolvido à autora o Requerimento de Alteração da Ordem dos Trabalhos (Ata, Ordem do Dia e Expediente) apresentado pela Deputada Alice Portugal.  Prejudicado o Requerimento de Votação Nominal apresentado pela Deputada Alice Portugal.",//www.camara.leg.br/evento-legislativo/56397
"03/07/2019



																			Comissão Especial destinada a proferir parecer à Proposta de Emenda à Constituição nº 6-A, de 2019, do Poder Executivo, que ""modifica o sistema de previdência social, estabelece regras de transição e disposições transitórias, e dá outras providências"" ( PEC00619   )
																	
																	
                                - 
																			13:00
																			Reunião Deliberativa Extraordinária
																		


Parecer com Complementação de Voto, Dep. Samuel Moreira (PSDB-SP), pela admissibilidade das emendas oferecidas à PEC em exame e, no mérito, pela rejeição das Emendas nos 2, 4, 6, 7, 8, 9, 10, 11, 12, 13, 14, 15, 16, 17, 19, 21, 22, 23, 24, 26, 33, 35, 38, 39, 40, 41, 42, 43, 44, 48, 49, 53, 54, 55, 56, 57, 61, 62, 63, 65, 66, 72, 74, 75, 78, 80, 83, 84, 87, 91, 94, 95, 98, 99, 101, 105, 108, 109, 110, 113, 114, 117, 126, 127, 128, 129, 130, 131, 132, 133, 138, 139, 143, 144, 145, 147, 148, 151, 156, 157, 161, 163, 170, 173, 176, 180, 185, 186, 188, 193, 196, 208, 210, 211, 212, 214, 215, 217, 235, 236, 240, 241, 258, 264, 265, 268 e 270, pela aprovação parcial das Emendas nos 1, 3, 5, 18, 20, 25, 28, 29, 30, 31, 32, 37, 45, 46, 47, 51, 52, 58, 60, 64, 67, 68, 69, 70, 71, 73, 76, 77, 81, 82, 85, 86, 88, 90, 92, 96, 97, 102, 104, 106, 107, 112, 115, 116, 134, 136, 137, 140, 142, 146, 149, 150, 158, 162, 164, 171, 174, 175, 177, 178, 183, 187, 189, 190, 191, 192, 194, 195, 197, 199, 209, 216, 218, 219, 224, 228, 229, 231, 232, 233, 234, 238, 239, 250, 251, 253, 256, 257, 260, 261, 262 e 263, pela aprovação integral das Emendas nos 27, 34, 36, 50, 59, 79, 89, 93, 100, 103, 111, 118, 119, 135, 141, 159, 172, 181, 182, 184, 198, 225, 230, 243, 249, 255, 267 e 277, e pela aprovação da Proposta de Emenda à Constituição nº 6, de 2019, tudo nos termos do substitutivo oferecido em anexo. Inteiro
																			teor Apresentado Requerimento de Votação Nominal para o Requerimento de Retirada de Pauta da Deputada Alice Portugal.  Concedida votação nominal do Requerimento de Retirada de Pauta, de ofício.  Apresentado Requerimento de Retirada de Pauta da Deputada Alice Portugal. Encaminhou favoravelmente a Dep. Alice Portugal. Encaminhou contrariamente o Dep. Darci de Matos. Rejeitado o Requerimento de Retirada de Pauta Votaram Sim: 0, Não: 36, Obstrução: 12, Total: 48.  Prejudicado o Requerimento de Retirada de Pauta do Deputado Alexandre Frota.  Apresentado Requerimento de Votação Nominal para o Requerimento de Adiamento de Votação, por 5 sessões, pela Dep. Perpétua Almeida  Concedida votação nominal do Requerimento de Adiamento de Votação por 5 sessões, de ofício.  Apresentado Requerimento de Adiamento de Votação, por 5 sessões, pelo Dep. Renildo Calheiros.Encaminhou favoravelmente a Dep. Alice Portugal.Encaminhou contrariamente o Dep. Felipe Francischini.  Rejeitado o Requerimento o Adiamento de Votação por 5 sessões. Votaram Sim: 0, Não: 35, Obstrução: 12, Total: 47.  Concedida votação nominal do Requerimento de Adiamento de Votação por 4 sessões, de ofício.  Apresentado Requerimento de Adiamento de Votação, por 4 sessões, do Dep. Ivan Valente. Encaminhou favoravelmente a Dep. Melchionna.Encaminhou contrariamente o Dep. Beto Pereira.  Rejeitado o Requerimento o Adiamento de Votação por 4 sessões. Votaram Sim: 0, Não: 35, Obstrução: 12, Total: 47.  Concedida a votação nominal do Requerimento de Adiamento de Votação por 3 sessões, de ofício.  Apresentado Requerimento de Adiamento de Votação, por 3 sessões, do Deputado Rui Falcão. Encaminhou favoravelmente o Dep. Henrique Fontana.Encaminhou contrariamente o Dep. Reinhold Stephanes Junior.  Rejeitado o Requerimento o Adiamento de Votação por 3 sessões. Votaram Sim: 0, Não: 35, Obstrução: 12, Total: 47.  Apresentado Requerimento de Adiamento de Votação, por 2 sessões, do Deputado Tadeu Alencar. Encaminhou favoravelmente o Dep. Tadeu Alencar.Encaminhou contrariamente o Dep. Pedro Paulo.  Rejeitado o Requerimento o Adiamento de Votação por 2 sessões. Votaram Sim: 0, Não: 35, Obstrução: 12, Total: 47.  Concedida a votação nominal do Requerimento de Adiamento de Votação por 1 sessão, de ofício.  Apresentado Requerimento de Adiamento de Votação, por 1 sessão, do Dep. André Figueiredo. Encaminhou favoravelmente o Dep. André Figueiredo.Encaminhou contrariamente o Dep. Aliel Machado.  Parecer com Complementação de Voto, Dep. Samuel Moreira (PSDB-SP), pela admissibilidade das emendas oferecidas à PEC em exame e, no mérito, pela rejeição das Emendas nos 2, 4, 6, 7, 8, 9, 10, 11, 12, 13, 14, 15, 16, 17, 19, 21, 22, 23, 24, 26, 33, 35, 38, 39, 40, 41, 42, 43, 44, 48, 49, 53, 54, 55, 56, 57, 61, 62, 63, 65, 66, 72, 74, 75, 78, 80, 83, 84, 87, 91, 94, 95, 98, 99, 101, 105, 108, 109, 110, 113, 114, 117, 126, 127, 128, 129, 130, 131, 132, 133, 138, 139, 143, 144, 145, 147, 148, 151, 156, 157, 161, 163, 170, 173, 176, 180, 185, 186, 188, 193, 196, 208, 210, 211, 212, 214, 215, 217, 235, 236, 240, 241, 258, 264, 265, 268 e 270, pela aprovação parcial das Emendas nos 1, 3, 5, 18, 20, 25, 28, 29, 30, 31, 32, 37, 45, 46, 47, 51, 52, 58, 60, 64, 67, 68, 69, 70, 71, 73, 76, 77, 81, 82, 85, 86, 88, 90, 92, 96, 97, 102, 104, 106, 107, 112, 115, 116, 134, 136, 137, 140, 142, 146, 149, 150, 158, 162, 164, 171, 174, 175, 177, 178, 183, 187, 189, 190, 191, 192, 194, 195, 197, 199, 209, 216, 218, 219, 224, 228, 229, 231, 232, 233, 234, 238, 239, 250, 251, 253, 256, 257, 260, 261, 262 e 263, pela aprovação integral das Emendas nos 27, 34, 36, 50, 59, 79, 89, 93, 100, 103, 111, 118, 119, 135, 141, 159, 172, 181, 182, 184, 198, 225, 230, 243, 249, 255, 267 e 277, e pela aprovação da Proposta de Emenda à Constituição nº 6, de 2019, tudo nos termos do substitutivo. Inteiro
																			teor Rejeitado o Requerimento o Adiamento de Votação por 1 sessão. Votaram Sim: 0, Não: 36, Obstrução: 11, Total: 47.  Apresentado Requerimento de Votação Parcelada pelos Deputados Alice Portugal e Bira do Pindaré.  Devolvido o Requerimento de Votação Parcelada aos autores.",//www.camara.leg.br/evento-legislativo/56397
"04/07/2019



																			Comissão Especial destinada a proferir parecer à Proposta de Emenda à Constituição nº 6-A, de 2019, do Poder Executivo, que ""modifica o sistema de previdência social, estabelece regras de transição e disposições transitórias, e dá outras providências"" ( PEC00619   )
																	
																	
                                - 
																			09:00
																			Reunião Deliberativa Ordinária
																		


Apresentado Requerimento de Votação Nominal para Requerimento de Inversão da Ordem dos Trabalhos, pela Dep. Alice Portugal.  Concedida votação nominal do Requerimento de Alteração da Ordem dos Trabalhos,de ofício.  Apresentado Requerimento de Alteração da Ordem dos Trabalhos pelo Dep. Beto Pereira.Encaminhou favoravelmente o Dep. Beto Pereira.Encaminhou contrariamente a Dep. Gleisi Hoffmann.  Aprovado o Requerimento de Alteração da Ordem dos Trabalhos. Votaram Sim: 29, Não: 13, Total: 42.  Prejudicado o Requerimento de Alteração da Ordem dos Trabalhos do Dep. Alexandre Frota.  Apresentado Requerimento de Retirada de Pauta pelo  Dep. Henrique Fontana.Encaminhou favoravelmente a Dep. Alice Portugal.Encaminhou contrariamente o Dep. Filipe Barros.  Rejeitado o Requerimento de Retirada de Pauta. Votaram Sim: 13, Não: 36, Obstrução: 12, Total: 49.  Votação do Parecer do Relator, Dep. Samuel Moreira, a PEC 6/2019.Encaminharam contrariamente à matéria os Deputados Alice Portugal e Ivan Valente.Encaminharam favoravelmente à matéria os Deputados Rodrigo de Castro e José Nelto.  Aprovado o Parecer do Relator, Deputado Samuel Moreira, com Complementação de Voto, contra os votos dos Deputados Alice Portugal, Aliel Machado, André Figueiredo, Carlos Veras, Gleisi Hoffmann, Heitor Schuch, Henrique Fontana, Joenia Wapichana, Jorge Solla, Lídice da Mata, Paulo Ramos, Professor Israel Batista e Sâmia Bomfim. Apresentaram votos em separado os Deputados Chico D'Angelo, Henrique Fontana, Rubens Otoni, José Guimarães, Paulo Teixeira, Pedro Uczai, Gleisi Hoffmann, Carlos Veras, Jorge Solla, Ivan Valente, Luiza Erundina e Sâmia Bomfim.  Prejudicados os Destaques nº 51, da Bancada do PSC, e nº 1, da Bancada do PATRIOTA.  Apresentado Requerimento de Votação em Globo da Admissibilidade dos Destaques, exceto os de bancada.Encaminhou favoravelmente o Dep. Darcisio Perondi.Encaminhou contrariamente a Dep. Gleisi Hoffmann.  Aprovado o Requerimento de Votação em Globo da Admissibilidade dos Destaques, exceto os de bancada. Votaram Sim: 34, Não: 12, Total: 46.  Votação em Globo da Admissibilidade dos Destaques, exceto os de bancada.Encaminhou favoravelmente o Dep. Henrique Fontana.Encaminhou contrariamente o Dep. Daniel Freitas.  Rejeitada a Admissibilidade dos Destaques, exceto os de bancada. Ficam inadmitidos os Destaques Individuais.  DESTAQUE 47 - PODE - Votação da Emenda nº 145.Encaminharam favoravelmente os Deputados Fábio Henrique e Léo Moraes.Encaminhou contrariamente o Deputado Samuel Moreira.Rejeitada a emenda, mantido o texto do relator. Votaram Sim: 17, Não: 31 , Total: 48.  DESTAQUE 40 - PSD - Votação da Emenda nº 8.Encaminharam favoravelmente a Deputada Perpétua Almeida e o Deputado Hugo Leal.Encaminhou contrariamente o Deputado Samuel Moreira. Rejeitada a emenda, mantido o texto do relator. Votaram Sim: 19, Não: 30,  Total: 49.  DESTAQUE 2 - PL - Votação da Emenda nº  176.Encaminharam favoravelmente os Deputados Fernando Rodolfo e Giovani Cherini.Encaminhou contrariamente o Deputado Samuel Moreira.Rejeitada a emenda, mantido o texto do relator. Votaram Sim: 18, Não: 30, Total: 48. DESTAQUE 139 - DEM - Votação do Art. 42, constante no Art. 1º do Substitutivo, e por decorrência, do Art. 15 do Substitutivo.Encaminharam contrariamente à matéria os Deputados Pedro Paulo e Guilherme Derrite.Rejeitada a matéria destacada, alterado o texto do Relator.   DESTAQUE 138 - PSOL - Votação da Emenda nº 130. Encaminharam favoravelmente as Deputadas Samia Bonfim e Luiza Erundina.Encaminhou contrariamente o Deputado Samuel Moreira.Rejeitada a emenda, mantido o texto do relator. Votaram Sim: 12, Não: 29, Total: 41.  DESTAQUE 137 - PSB - Votação do Art. 195, constante do Art. 1º do Substitutivo. Encaminharam contrariamente à matéria os Deputados Heitor Schuch e Lídice da Mata. Encaminhou favoravelmente à matéria o Deputado Samuel Moreira.Aprovada a matéria destacada, mantido o texto do Relator. Votaram Sim: 32, Não: 13, Total: 45.  DESTAQUE 57 - PCdoB - Votação do inciso V do Art. 201, constante no Art. 1º do Substitutivo. Encaminharam contrariamente à matéria a Deputada Alice Portugal e o Deputado José Guimarães.Encaminhou favoravelmente à matéria o Deputado Samuel Moreira.Aprovada a matéria destacada, mantido o texto do Relator. Votaram Sim: 33, Não: 12, Total: 45.  DESTAQUE 129 - NOVO - Votação do §4º do Art. 201, constante no Art. 1º da PEC 6/19, para inclusão no Substitutivo, onde couber.Encaminharam contrariamente à matéria os Deputados Vinicius Poit e Paulo Ganime.Encaminharam favoravelmente à matéria os Deputados Jorge Solla e Paulo Teixeira.Rejeitada a matéria, mantido o texto do relator. Votaram Sim: 5, Não: 41, Total: 46.  DESTAQUE 49 - PDT - Votação da Emenda nº 28. Encaminhou favoravelmente o Deputado Fábio Henrique.Encaminhou contrariamente o Deputado Samuel Moreira.Rejeitada a emenda, mantido o texto do relator. Votaram Sim: 14, Não: 30, Total: 44.  DESTAQUE 135 - PDT - Votação do Art 18, constante do Art. 1º da Emenda nº 175, com a finalidade de substituir o Art. 16 do Substitutivo.Encaminharam favoravelmente os Deputados Paulo Ramos e Henrique Fontana.Encaminhou contrariamente o Deputado Samuel Moreira.Rejeitada a parte destacada da emenda e mantido o texto do Relator. Votaram Sim: 12, Não: 33, Total: 45.  DESTAQUE 56 - PSB - Votação do § 2º do Art. 19 do Substitutivo.Encaminharam favoravelmente os Deputados Aliel Machado e Alessandro Molon.Encaminhou contrariamente o Deputado Samuel Moreira.Aprovada a matéria destacada, mantido o texto do Relator. Votaram Sim: 11, Não: 33, Total: 44.  DESTAQUE 59 - PT - Votação do Art. 24 do Substitutivo.Encaminharam favoravelmente a Deputada Gleisi Hoffmann e Carlos Veras.Encaminhou contrariamente o Deputado Samuel Moreira.Aprovada a matéria destacada, mantido o texto do Relator. Votaram Sim: 12, Não: 33, Total: 45.  DESTAQUE 141 - PT - Votação da expressão ""média das oitenta por cento maiores "" constante no inciso I, do §7º, do Art. 201, constante do Art. 1º da Emenda 228, no intuito de substituir a expressão ""média aritmética simples dos"", constante no caput do Art,. 27 do Substitutivo.Encaminharam favoravelmente os Deputados Henrique Fontana e Jorge Solla.Encaminhou contrariamente o Deputado Samuel Moreira.Rejeitada a parte destacada da emenda e mantido o texto do Relator. Votaram Sim: 13, Não: 32, Total: 45.  DESTAQUE 58 - PT - Votação do § 2º do Art. 27 do Substitutivo.Encaminharam favoravelmente os Deputados Henrique Fontana e Jandira Feghali.Encaminhou contrariamente o Deputado Samuel Moreira.Aprovada a matéria destacada, mantido o texto do Relator. Votaram Sim: 33, Não: 10, Total: 43.  DESTAQUE 142 - BLOCO PP,MDB,PTB - Votação do parágrafo único, do Art. 31 do SubstitutivoEncaminharam favoravelmente à matéria a Deputada Gleisi Hoffmann e os Deputados Alessandro Molon e Samuel Moreira.Encaminhou contrariamente à matéria os Deputados Evair Vieira de Mello.Rejeitada a matéria destacada, alterado o texto do Relator. Votaram Sim: 19, Não: 23, Total: 42.",//www.camara.leg.br/evento-legislativo/56432
"09/07/2019



																			PLENÁRIO ( PLEN       )
																	
																	
                                - 
																			16:47
																			Sessão Deliberativa Extraordinária
																		


Matéria não apreciada em face do encerramento da Sessão.",//www.camara.leg.br/evento-legislativo/56493
"09/07/2019



																			PLENÁRIO ( PLEN       )
																	
																	
                                - 
																			20:48
																			Sessão Deliberativa Extraordinária
																		


Discussão em primeiro turno.  Votação do Requerimento da Bancada do PCdoB, que solicita a retirada de pauta desta Proposta de Emenda à Constituição.  Encaminharam a Votação: Dep. Alice Portugal (PCdoB-BA) e Dep. Giovani Cherini (PL-RS).  Rejeitado o Requerimento. Sim: 117; não: 331; total: 448.  
																			 VotaçãoEm consequência, fica prejudicada a apreciação dos Requerimentos de adiamento de discussão.  Votação do Recurso contra o indeferimento da admissibilidade dos Requerimentos de discussão por partes.  Rejeitado o Recurso. Sim: 80; não: 199; total: 279.  
																			 VotaçãoDiscutiram a Matéria: Dep. Fernanda Melchionna (PSOL-RS), Dep. Alexandre Frota (PSL-SP), Dep. Pedro Uczai (PT-SC), Dep. Samuel Moreira (PSDB-SP), Dep. Arlindo Chinaglia (PT-SP) e Dep. Celso Sabino (PSDB-PA).  Votação do Requerimento da Bancada do DEM, que solicita o encerramento da discussão.  Encaminhou a Votação o Dep. Pedro Paulo (DEM-RJ).  Inadmitido o Requerimento em virtude de fundamentação incorreta.  Discutiram a Matéria: Dep. Bia Kicis (PSL-DF), Dep. Edmilson Rodrigues (PSOL-PA), Dep. Dra. Soraya Manato (PSL-ES), Dep. Gervásio Maia (PSB-PB), Dep. Joice Hasselmann (PSL-SP), Dep. Renildo Calheiros (PCdoB-PE) e Dep. Dra. Vanda Milani (SOLIDARI-AC).  Votação do Requerimento da Bancada do PSL, que solicita o encerramento da discussão.  Encaminharam a Votação: Dep. Carlos Veras (PT-PE), Dep. Natália Bonavides (PT-RN), Dep. Alexandre Frota (PSL-SP) e Dep. Afonso Motta (PDT-RS).  Aprovado o Requerimento de encerramento da discussão. Sim: 353; não: 118; total: 471.  
																			 VotaçãoEncerrada a discussão.  Adiada a votação em face do encerramento da Sessão.",//www.camara.leg.br/evento-legislativo/56508
"10/07/2019



																			PLENÁRIO ( PLEN       )
																	
																	
                                - 
																			09:00
																			Sessão Deliberativa Extraordinária
																		


Votação em primeiro turno.  Votação do Requerimento da Bancada do PSOL, que solicita a retirada de pauta desta Proposta de Emenda à Constituição.  Encaminhou a Votação o Dep. Ivan Valente (PSOL-SP).  Rejeitado o Requerimento. Sim: 29; não: 334; abstenção: 3; total: 366.  
																			 VotaçãoEm consequência, fica prejudicada a apreciação dos Requerimentos de adiamento de votação.  Votação da Consulta formulada pelo Presidente, sobre realização de votação parcelada da matéria, em face do encaminhamento, à Mesa, de mais de cinco requerimentos nesse sentido.  Rejeitados os Requerimentos de votação parcelada. Sim: 43; não: 299; abstenção: 2; total: 344.  
																			 VotaçãoEncaminharam a Votação: Dep. Margarida Salomão (PT-MG), Dep. Joice Hasselmann (PSL-SP), Dep. Odair Cunha (PT-MG) e Dep. Alexandre Frota (PSL-SP).  Votação do Requerimento da Bancada do PCdoB, que solicita a votação em globo da admissibilidade dos destaques simples.  Encaminhou a Votação a Dep. Alice Portugal (PCdoB-BA).  Aprovado o Requerimento. Sim: 324; não: 34; abstenção: 5; total: 363.  
																			 VotaçãoVotação, em globo, da admissibilidade dos destaques simples.  Rejeitada a admissibilidade dos destaques simples. Sim: 22; não: 345; abstenção: 1; total: 368.  
																			 VotaçãoEm consequência, fica prejudicada a apreciação dos referidos destaques simples.  Inadmitida a EMA 1: NOVO: Emenda Aglutinativa nº 1.  Inadmitida a EMA 2: Bloco PP/MDB/PTB: Emenda Aglutinativa nº 2.  Inadmitida a EMA 3: NOVO: Emenda Aglutinativa nº 3.  Retirado o DTQ 10: PODEMOS: Emenda nº 12 (161,II).  Retirado o DTQ 28: NOVO: Destaque de preferência para votação da Emenda Aglutinativa nº 1 (161,IV).  Retirado o DTQ 73: NOVO: Destaque de preferência para votação da Emenda Aglutinativa nº 3 (161,IV).  Retirado o DTQ 77: PSB: Destaque para votação do §5º do art. 149 da Constituição Federal, com redação dada pelo art. 1º da PEC 6/2019, para que esse dispositivo possa integrar o subsititutivo da Comissão Especial apresentado à PEC (161,IV).  Retirado o DTQ 78: PODEMOS: Destaque para votação em separado da expressão ""observada a idade mínima de cinquenta e cinco anos"", constante do caput do art. 5º do substitutivo adotado pela Comissão Especial da PEC nº 6/2019, com vistas à sua supressão (161, I).  Retirado o DTQ 81: PSL: Destaque para votação em separado do §3º do art. 109 da Constituição Federal, constante do art. 1º da PEC 6/19, para suporte de emenda aglutinativa (161,I).  Retirado o DTQ 82: PSL: Destaque para votação em separado do §5º do art. 26 do substitutivo adotado pela Comissão Especial destinada à proferir parecer à PEC 6/19, para suporte de emenda aglutinativa (161,I).  Adiada a continuação da votação em face do encerramento da Sessão.",//www.camara.leg.br/evento-legislativo/56510
"10/07/2019



																			PLENÁRIO ( PLEN       )
																	
																	
                                - 
																			16:13
																			Sessão Deliberativa Extraordinária
																		


Continuação da votação em primeiro turno.  Votação do Requerimento da Bancada do PT, que solicita a retirada de pauta desta Proposta de Emenda à Constituição.  Encaminhou a Votação o Dep. João Daniel (PT-SE).  Rejeitado o Requerimento. Sim: 25; não: 314; abstenção: 2; total: 341.  
																			 VotaçãoAprovado, em primeiro turno, o Substitutivo da Comissão Especial à Proposta de Emenda à Constituição nº 6, de 2019, ressalvados os destaques. Sim: 379; não: 131; total: 510.  
																			 VotaçãoEm consequência, fica prejudicada a apreciação da Proposição inicial e das Emendas apresentadas, ressalvados os destaques.  Votação do DTQ 9: PL: Emenda nº 176 (161,II).  Encaminharam a Votação: Dep. Wellington Roberto (PL-PB), Dep. Giovani Cherini (PL-RS) e Dep. Samuel Moreira (PSDB-SP).  Rejeitada a Emenda nº 176. Sim: 265; não: 184; abstenção: 2; total: 451.  
																			 VotaçãoAdiada a continuação da votação, em primeiro turno,  em face do encerramento da Sessão.",//www.camara.leg.br/evento-legislativo/56528
"11/07/2019



																			PLENÁRIO ( PLEN       )
																	
																	
                                - 
																			09:31
																			Sessão Deliberativa Extraordinária
																		


Continuação da votação em primeiro turno.  Votação do Requerimento da Bancada do PT, que solicita a retirada de pauta desta Proposta de Emenda à Constituição.  Encaminharam a Votação: Dep. Alencar Santana Braga (PT-SP) e Dep. Samuel Moreira (PSDB-SP).  Rejeitado o Requerimento. Sim: 75; não: 339; abstenção: 3; total: 417.  
																			 VotaçãoVotação da EMA 5: DEM: Emenda Aglutinativa nº 5.  Encaminharam a Votação: Dep. Professora Dorinha Seabra Rezende (DEM-TO), Dep. Alice Portugal (PCdoB-BA) e Dep. Soraya Santos (PL-RJ).  Aprovada a Emenda Aglutinativa nº 5. Sim: 344; não: 132; abstenção: 15; total: 491.  
																			 VotaçãoVotação do DTQ 95: PSB: Destaque para votação em separado do § 14 do art. 195 da Constituição Federal, contido no art. 1º do Substitutivo da Comissão Especial, apresentado à PEC 6/2019 (161, I).  Encaminharam a Votação: Dep. Heitor Schuch (PSB-RS), Dep. Samuel Moreira (PSDB-SP), Dep. Bira do Pindaré (PSB-MA) e Dep. Giovani Cherini (PL-RS).  Mantido o texto. Sim: 334; não: 155; total: 489.  
																			 VotaçãoVotação do DTQ 2: Cidadania: Destaque do par. único do art. 203 da Constituição Federal, constante do art. 1º do substitutivo adotado pela Comissão Especial da PEC nº 6-A de 2019, com vistas a sua exclusão do texto (161,I).  Encaminharam a Votação: Dep. Daniel Coelho (CIDADANIA-PE), Dep. Alice Portugal (PCdoB-BA) e Dep. Carlos Sampaio (PSDB-SP).  Mantido o texto. Sim: 322; não: 164; abstenção: 2; total: 488.  
																			 VotaçãoPrejudicado o DTQ 1: PCdoB: Destaque do inc. V, do art. 201, constante do art. 1º do substitutivo à PEC 6/2019, com vistas à supressão (161,I).  Prejudicada a EMA 6: Bloco PP/MDB/PTB: Emenda Aglutinativa nº 6.  Prejudicada a EMA 7: DEM: Emenda Aglutinativa nº 7.  Prejudicada a EMA 9: PDT: Emenda Aglutinativa nº 9.  Prejudicada a EMA 11: DEM: Emenda Aglutinativa nº 11.  Inadmitida a EMA 12: PT: Emenda Aglutinativa nº 12.  Inadmitida a EMA 14: PT: Emenda Aglutinativa nº 14.  Prejudicado o DTQ 74: PSC: Destaque do inc. V, do art. 201, constante do art. 1º do substitutivo à PEC 6/2019 (161,I).  Adiada a continuação da votação em face do encerramento da Sessão.",//www.camara.leg.br/evento-legislativo/56546
"11/07/2019



																			PLENÁRIO ( PLEN       )
																	
																	
                                - 
																			22:16
																			Sessão Deliberativa Extraordinária
																		


Continuação da votação em primeiro turno.  Votação do Requerimento da Bancada do PSOL, que solicita a retirada de pauta desta Proposta de Emenda à Constituição.  Encaminhou a Votação a Dep. Luiza Erundina (PSOL-SP).  Rejeitado o Requerimento. Sim: 58; não: 347; abstenção: 2; total: 407.  
																			 VotaçãoVotação do DTQ 14: PSOL: Destaque para votaçao em separado do §3º, do art. 239, constante do art. 1º do substitutivo adotado pela Comissão Especial da PEC 6/2019, para sua supressão (161,I).  Encaminharam a Votação: Dep. Fernanda Melchionna (PSOL-RS), Dep. Marcelo Ramos (PL-AM), Dep. Sâmia Bomfim (PSOL-SP) e Dep. Marcel Van Hattem (NOVO-RS).  Mantido o texto. Sim: 326; não: 164; abstenção: 1; total: 491.  
																			 VotaçãoVotação da EMA 8: PODEMOS: Emenda Aglutinativa nº 8.  Encaminhou a Votação o Dep. Aluisio Mendes (PODE-MA).  Aprovada a Emenda Aglutinativa n° 8. Sim: 467; não: 15; abstenção: 1; total: 483.  
																			 VotaçãoVotação do DTQ 76: PSB: Destaque para votação em separado do §2º do art. 18 do substitutivo da Comissão Especial apresentado à PEC 6/2019 (161,I).  Encaminharam a Votação: Dep. Aliel Machado (PSB-PR), Dep. Coronel Tadeu (PSL-SP), Dep. Lídice da Mata (PSB-BA) e Dep. Luizianne Lins (PT-CE).  Suprimido o texto. Sim: 15; não: 445; total: 460.  
																			 VotaçãoVotação da EMA 4: PDT: Emenda Aglutinativa nº 4.  Encaminharam a Votação: Dep. André Figueiredo (PDT-CE) e Dep. Orlando Silva (PCdoB-SP).  Prejudicada a apreciação da EMA 4: PDT: Emenda Aglutinativa nº 4 em face do encerramento da Sessão.  Adiada a continuação da votação em face do encerramento da Sessão.",//www.camara.leg.br/evento-legislativo/56565
"12/07/2019



																			PLENÁRIO ( PLEN       )
																	
																	
                                - 
																			09:31
																			Sessão Deliberativa Extraordinária
																		


Continuação da votação em primeiro turno.  Votação do Requerimento da Bancada do PT, que solicita a retirada de pauta desta Proposta de Emenda à Constituição.  Encaminhou a Votação o Dep. Odair Cunha (PT-MG).  Rejeitado o Requerimento. Sim: 32; não: 260; abstenção: 1; total: 293.  
																			 VotaçãoVotação da EMA 4: PDT: Emenda Aglutinativa nº 4.  Rejeitada a Emenda Aglultinativa nº 4. Sim: 165; não: 296; total: 461.  
																			 VotaçãoVotação do DTQ 44: PDT: Destaque para votação em separado do inciso IV do art. 20, do Substitutivo apresentado à PEC 6/2019 (161, I).  Encaminhou a Votação o Dep. Paulo Ramos (PDT-RJ).  Mantido o texto. Sim: 387; não: 103; total: 490.  
																			 VotaçãoVotação do DTQ 43: PDT: Destaque para votação em separado da expressão ""em dois anos"" constante do § 1º, do art. 20, do Substitutivo apresentado à PEC 6/2019 (161, I).  Encaminharam a Votação: Dep. André Figueiredo (PDT-CE), Dep. Coronel Tadeu (PSL-SP), Dep. Idilvan Alencar (PDT-CE) e Dep. Tiago Mitraud (NOVO-MG).  Suprimido o texto. Sim: 25; não: 465; abstenção: 1; total: 491.  
																			 VotaçãoRetirada a EMA 10: PDT: Emenda Aglutinativa nº 10.  Retirado o DTQ 29: Solidariedade: Destaque para votação do art. 18, dado pelo art. 6º da Emenda nº 5, oferecida à PEC 6/2019 (161,II).  Prejudicada a EMA 13: PT: Emenda Aglutinativa nº 13.  Inadmitida a EMA 15: PT: Emenda Aglutinativa nº 15.  Inadmitida a EMA 16: PT: Emenda Aglutinativa nº 16.  Inadmitida a EMA 17: PT: Emenda Aglutinativa nº 17.  Prejudicado o DTQ 83: PSDB: Destaque para votação em separado da expressão ""conjunto de"", constante do §7º do art. 40, do art. 1º do substitutivo adotado pela Comissão Especial destinada à proferir parecer à PEC 6/19, para suporte de emenda aglutinativa (161,I).  Prejudicado o DTQ 84: Bloco PP/MDB/PTB: Emenda nº 219 (Suporte a emenda aglutinativa).  Prejudicado o DTQ 85: DEM: Destaque para votação em separado do inciso IIdo art. 201, do art. 1º do substitutivo adotado pela Comissão Especial destinada a proferir parecer à PEC 6/19, para suporte de Emenda Aglutinativa (161,I).  Prejudicado o DTQ 86: DEM: Destaque para votação em separado da expressão ""conjunto de"" constante no inciso V do art. 201, do art. 1º do substitutivo adotado pela Comissão Especial destinada à proferir parecer à PEC 6/19, para suporte da Emenda Aglutinativa (161,I).  Prejudicado o DTQ 87: Bloco PP/MDB/PTB: Destaque para votação em separado do §5º do art. 26 do substitutivo adotado pela Comissão Especial destinada à proferir parecer à PEC 6/19, para suporte de emenda aglutinativa (161,I).  Prejudicado o DTQ 88: PRB: Destaque para votação em separado do §3º do art. 109 da Constituição Federal, constante do art. 1º da PEC 6/19, para suporte de emenda aglutinativa (161,I).  Prejudicado o DTQ 92: PODEMOS: Emenda 12, suporte a Emenda Aglutinativa (161, II).  Prejudicado o DTQ 93: PSL: Destaque do art. 5º do substitutivo apresentado à PEC 6/2019, para fins de suporte da emenda aglutinativa nº 8 (161, I).  Prejudicado o DTQ 94: PSL: Emenda 81, para fins de suporte da emenda aglutinativa nº 8 (161, II).  Adiada a continuação da votação em face do encerramento da Sessão.",//www.camara.leg.br/evento-legislativo/56569
"12/07/2019



																			PLENÁRIO ( PLEN       )
																	
																	
                                - 
																			16:57
																			Sessão Deliberativa Extraordinária
																		


Continuação da votação em primeiro turno.  Votação do Requerimento da Bancada do PCdoB, que solicita a retirada de pauta desta Proposta de Emenda à Constituição.  Encaminhou a Votação o Dep. Orlando Silva (PCdoB-SP).  Rejeitado o Requerimento. Sim: 21; não: 243; abstenção: 1; total: 265.  
																			 VotaçãoVotação do DTQ 12: PT: Destaque para votação em separado do art. 23 do substitutivo adotado pela Comissão Especial à PEC 6/2019, com vistas a sua rejeição (161,I).  Encaminharam a Votação: Dep. Benedita da Silva (PT-RJ) e Dep. Afonso Florence (PT-BA).  Mantido o texto. Sim: 328; não: 156; total: 484.  
																			 VotaçãoVotação do DTQ 11: PT: Destaque para votação em separado do art. 26 do substitutivo adotado pela Comissão Especial à PEC 6/2019, com vistas a sua rejeição (161,I).  Encaminharam a Votação: Dep. Carlos Zarattini (PT-SP), Dep. Marcelo Ramos (PL-AM) e Dep. Henrique Fontana (PT-RS).  Mantido o texto. Sim: 346; não: 131; total: 477.  
																			 VotaçãoVotação do DTQ 13: PT: Destaque para votação em separado do §2º do art. 26 do substitutivo adotado pela Comissão Especial à PEC 6/2019, com vistas a sua rejeição (161,I).  Encaminharam a Votação: Dep. Rogério Correia (PT-MG) e Dep. Enio Verri (PT-PR).  Mantido o texto. Sim: 340; não: 129; abstenção: 1; total: 470.  
																			 VotaçãoVotação da Emenda de Redação nº 1.  Encaminharam a Votação: Dep. Samuel Moreira (PSDB-SP) e Dep. Marília Arraes (PT-PE).  Aprovada a Emenda de Redação nº 1. Sim: 435, não: 3; abstenção: 1; total: 439.  
																			 VotaçãoInadmitida a Emenda de Redação nº 2.  Inadmitida a Emenda de Redação nº 3.  A Matéria retorna à Comissão Especial para elaborar a Redação para o segundo turno.",//www.camara.leg.br/evento-legislativo/56576
"12/07/2019



																			Comissão Especial destinada a proferir parecer à Proposta de Emenda à Constituição nº 6-A, de 2019, do Poder Executivo, que ""modifica o sistema de previdência social, estabelece regras de transição e disposições transitórias, e dá outras providências"" ( PEC00619   )
																	
																	
                                - 
																			20:30
																			Reunião Deliberativa Extraordinária
																		


Proposta de Redação para o Segundo Turno do Relator, Dep. Samuel Moreira (PSDB-SP). Inteiro
																			teor Discutiram a Matéria: Dep. Rubens Otoni (PT-GO), Dep. Vinicius Poit (NOVO-SP), Dep. Jorge Solla (PT-BA), Dep. Paulo Ganime (NOVO-RJ), Dep. Perpétua Almeida (PCdoB-AC), Dep. Pedro Uczai (PT-SC), Dep. Darci de Matos (PSD-SC), Dep. Henrique Fontana (PT-RS), Dep. Carlos Veras (PT-PE), Dep. Aliel Machado (PSB-PR), Dep. Reinhold Stephanes Junior (PSD-PR), Dep. Sâmia Bomfim (PSOL-SP), Dep. Luiza Erundina (PSOL-SP), Dep. Alice Portugal (PCdoB-BA), Dep. Evair Vieira de Melo (PP-ES), Dep. Lídice da Mata (PSB-BA), Dep. Bira do Pindaré (PSB-MA) e Dep. Paulo Ramos (PDT-RJ).  Aprovada a Proposta de Redação para o Segundo Turno contra os votos dos Deputados Henrique Fontana, Luiza Erundina, Rubens Otoni, Pedro Uczai, Paulo Ramos, Aliel Machado, Carlos Veras, Sâmia Bomfim, Professor Israel Batista, Lídice da Mata, Alice Portugal e Bira do Pindaré, apresentaram votos em separado os Deputados Chico D'Angelo, Henrique Fontana, Rubens Otoni, José Guimarães, Paulo Teixeira, Pedro Uczai, Gleisi Hoffmann, Carlos Veras, Jorge Solla, Ivan Valente, Luiza Erundina e Sâmia Bomfim.",//www.camara.leg.br/evento-legislativo/56543
